Teacher,Day,Period,Class,Subject
NK,MON,1,10I,SS
NK,MON,2,SCM,NIL
NK,MON,3,8E,SS
NK,MON,4,10B,SS
NK,MON,7,9D,SS
NK,TUE,1,10I,SS
NK,TUE,3,8E,SS
NK,TUE,4,8A,SS
NK,TUE,5,10B,SS
NK,TUE,7,9D,SS
NK,WED,1,10I,SS
NK,WED,3,8E,SS
NK,WED,5,10B,SS
NK,WED,6,9D,SS
NK,WED,7,8A,SS
NK,THU,1,10I,SS
NK,THU,2,10B,SS
NK,THU,3,9D,SS
NK,THU,5,8A,SS
NK,THU,6,8E,SS
NK,FRI,1,10D,ITT
NK,FRI,2,10I,SS
NK,FRI,4,8A,SS
NK,FRI,6,9D,SS
NK,FRI,7,10B,SS
AKG,MON,1,9B,SS
AKG,MON,2,SCM,NIL
AKG,MON,3,8L,SS
AKG,MON,4,10F,SS
AKG,MON,6,8J,ITT
AKG,MON,7,10E,SS
AKG,TUE,1,9B,SS
AKG,TUE,3,10F,SS
AKG,TUE,4,8L,SS
AKG,TUE,6,8G,SS
AKG,TUE,7,10E,SS
AKG,WED,1,9B,SS
AKG,WED,2,10F,SS
AKG,WED,5,8G,SS
AKG,WED,6,10E,SS
AKG,THU,1,9B,SS
AKG,THU,2,8L,SS
AKG,THU,4,10F,SS
AKG,THU,5,8G,SS
AKG,THU,7,10E,SS
AKG,FRI,1,9B,SS
AKG,FRI,2,10F,SS
AKG,FRI,4,8G,SS
AKG,FRI,5,10E,SS
AKG,FRI,7,8L,SS
AKD,MON,1,9I,SS
AKD,MON,2,SCM,NIL
AKD,MON,3,8I,SS
AKD,MON,5,8B,SS
AKD,MON,6,10C,SS
AKD,MON,7,9H,SS
AKD,TUE,3,8I,SS
AKD,TUE,4,9I,SS
AKD,TUE,5,10C,SS
AKD,TUE,7,9H,SS
AKD,WED,1,9I,SS
AKD,WED,3,8B,SS
AKD,WED,4,8I,SS
AKD,WED,5,9H,SS
AKD,WED,7,10C,SS
AKD,THU,1,9I,SS
AKD,THU,2,8B,SS
AKD,THU,4,9H,SS
AKD,THU,5,10C,SS
AKD,THU,6,8I,ITT
AKD,FRI,1,9I,SS
AKD,FRI,2,10C,SS
AKD,FRI,5,9H,SS
AKD,FRI,6,8I,SS
AKD,FRI,7,8B,SS
RV,MON,1,10A,SS
RV,MON,2,SCM,NIL
RV,MON,3,8D,SS
RV,MON,4,8K,SS
RV,MON,5,8G,LAB2
RV,MON,7,8J,SS
RV,TUE,1,10A,SS
RV,TUE,2,9J,ITT
RV,TUE,4,8J,SS
RV,TUE,5,8D,SS
RV,TUE,6,9J,LAB2
RV,WED,1,10A,SS
RV,WED,2,8A,ITT
RV,WED,4,8D,SS
RV,WED,6,8J,SS
RV,WED,7,8K,SS
RV,THU,1,10A,SS
RV,THU,2,8K,SS
RV,THU,5,8D,ITT
RV,THU,6,8D,SS
RV,THU,7,9J,LAB2
RV,FRI,2,8K,SS
RV,FRI,4,10A,SS
RV,FRI,5,8G,LAB2
RV,FRI,7,8J,SS
RK,MON,1,8F,SS
RK,MON,2,SCM,NIL
RK,MON,3,10G,SS
RK,MON,4,9F,SS
RK,MON,6,8C,SS
RK,TUE,1,8F,SS
RK,TUE,3,10G,SS
RK,TUE,4,8F,LAB2
RK,TUE,6,9F,SS
RK,TUE,7,10H,ITT
RK,WED,1,8F,SS
RK,WED,2,10G,SS
RK,WED,4,8C,SS
RK,WED,6,9F,SS
RK,THU,1,8F,SS
RK,THU,2,9F,SS
RK,THU,4,10H,LAB1
RK,THU,6,8C,SS
RK,THU,7,10G,SS
RK,FRI,1,9F,SS
RK,FRI,3,8F,LAB2
RK,FRI,4,8C,SS
RK,FRI,5,10G,SS
RK,FRI,7,10H,LAB1
IKR,MON,1,9E,SS
IKR,MON,2,SCM,NIL
IKR,MON,3,8H,SS
IKR,MON,4,10H,SS
IKR,MON,6,9B,LAB1
IKR,MON,7,9C,SS
IKR,TUE,1,9E,SS
IKR,TUE,2,10H,SS
IKR,TUE,4,9C,LAB1
IKR,TUE,5,9C,SS
IKR,WED,1,9E,SS
IKR,WED,2,9B,ITT
IKR,WED,4,9C,SS
IKR,WED,6,10H,SS
IKR,WED,7,8H,SS
IKR,THU,1,9E,SS
IKR,THU,2,10H,SS
IKR,THU,3,8H,SS
IKR,THU,5,9B,LAB1
IKR,THU,6,9C,SS
IKR,FRI,1,9E,SS
IKR,FRI,2,9C,LAB1
IKR,FRI,3,10H,SS
IKR,FRI,5,9C,SS
IKR,FRI,6,8H,SS
ANI,MON,1,9J,SS
ANI,MON,2,SCM,NIL
ANI,MON,3,9G,SS
ANI,MON,4,8L,LAB2
ANI,MON,5,9A,SS
ANI,MON,7,10D,SS
ANI,TUE,2,9A,SS
ANI,TUE,3,8D,LAB2
ANI,TUE,4,9J,SS
ANI,TUE,6,10D,SS
ANI,TUE,7,9G,SS
ANI,WED,1,10D,SS
ANI,WED,3,9G,SS
ANI,WED,4,8K,ITT
ANI,WED,5,9J,SS
ANI,WED,7,9A,SS
ANI,THU,1,9J,SS
ANI,THU,3,10D,SS
ANI,THU,4,8D,LAB2
ANI,THU,6,9A,SS
ANI,THU,7,9G,SS
ANI,FRI,1,8L,LAB2
ANI,FRI,2,9G,SS
ANI,FRI,4,9J,SS
ANI,FRI,5,10D,SS
ANI,FRI,6,9A,SS
MC,MON,1,8E,MAT
MC,MON,3,10D,MAT
MC,MON,4,10E,MAT
MC,MON,5,8L,MAT
MC,TUE,1,8E,MAT
MC,TUE,3,8L,MAT
MC,TUE,4,SCM,NIL
MC,TUE,5,10D,MAT
MC,TUE,6,10E,MAT
MC,WED,1,8E,MAT
MC,WED,2,8L,MAT
MC,WED,4,10E,MAT
MC,WED,5,8E,LAB2
MC,WED,6,10D,MAT
MC,THU,1,8E,MAT
MC,THU,2,10D,MAT
MC,THU,3,8L,MAT
MC,THU,5,10E,MAT
MC,THU,7,8E,ITT
MC,FRI,1,8E,MAT
MC,FRI,2,10E,MAT
MC,FRI,3,10D,MAT
MC,FRI,5,8L,MAT
MC,FRI,6,8E,LAB2
RJ,MON,1,8B,MAT
RJ,MON,2,9D,MAT
RJ,MON,4,8G,MAT
RJ,MON,5,9E,MAT
RJ,MON,6,10F,MAT
RJ,TUE,1,8B,MAT
RJ,TUE,2,9E,MAT
RJ,TUE,3,8G,MAT
RJ,TUE,4,SCM,NIL
RJ,TUE,5,9D,MAT
RJ,TUE,7,10F,MAT
RJ,WED,1,10F,MAT
RJ,WED,2,8G,MAT
RJ,WED,3,9D,MAT
RJ,WED,6,8B,MAT
RJ,WED,7,9E,MAT
RJ,THU,1,8B,MAT
RJ,THU,2,9D,MAT
RJ,THU,5,10F,MAT
RJ,THU,6,8G,MAT
RJ,THU,7,9E,MAT
RJ,FRI,1,8B,MAT
RJ,FRI,3,9E,MAT
RJ,FRI,5,10F,MAT
RJ,FRI,6,8G,MAT
RJ,FRI,7,9D,MAT
PCS,MON,1,10G,MAT
PCS,MON,2,10G,ITT
PCS,MON,4,8I,MAT
PCS,MON,5,8J,MAT
PCS,MON,6,8H,MAT
PCS,TUE,1,10G,MAT
PCS,TUE,3,8H,MAT
PCS,TUE,4,SCM,NIL
PCS,TUE,6,8I,MAT
PCS,TUE,7,8J,MAT
PCS,WED,1,10G,MAT
PCS,WED,3,8H,MAT
PCS,WED,4,10G,LAB1
PCS,WED,5,8I,MAT
PCS,WED,7,8J,MAT
PCS,THU,1,10G,MAT
PCS,THU,2,8I,MAT
PCS,THU,3,10G,LAB1
PCS,THU,5,8H,MAT
PCS,THU,6,8J,MAT
PCS,FRI,1,10G,MAT
PCS,FRI,3,8H,MAT
PCS,FRI,4,8J,MAT
PCS,FRI,5,8I,MAT
HPK,MON,1,10B,MAT
HPK,MON,2,8C,MAT
HPK,MON,4,8A,MAT
HPK,MON,7,9I,MAT
HPK,TUE,1,10B,MAT
HPK,TUE,2,8C,MAT
HPK,TUE,3,8A,MAT
HPK,TUE,4,SCM,NIL
HPK,TUE,5,9I,MAT
HPK,TUE,6,10B,ITT
HPK,WED,1,10B,MAT
HPK,WED,2,10B,LAB1
HPK,WED,4,9I,MAT
HPK,WED,5,8A,MAT
HPK,WED,7,8C,MAT
HPK,THU,1,10B,MAT
HPK,THU,3,8C,MAT
HPK,THU,4,8A,MAT
HPK,THU,5,9I,MAT
HPK,FRI,2,8A,MAT
HPK,FRI,3,10B,LAB1
HPK,FRI,5,10B,MAT
HPK,FRI,6,9I,MAT
HPK,FRI,7,8C,MAT
AS,MON,2,10A,MAT
AS,MON,4,9H,MAT
AS,MON,5,9G,MAT
AS,MON,7,9A,MAT
AS,TUE,2,10A,MAT
AS,TUE,3,9H,MAT
AS,TUE,4,SCM,NIL
AS,TUE,5,9A,LAB1
AS,TUE,6,9G,MAT
AS,TUE,7,9A,MAT
AS,WED,2,9H,MAT
AS,WED,4,9G,MAT
AS,WED,5,10A,MAT
AS,WED,6,9A,MAT
AS,THU,2,9A,MAT
AS,THU,3,9H,MAT
AS,THU,4,9G,MAT
AS,THU,6,10A,MAT
AS,THU,7,9A,LAB1
AS,FRI,2,9H,MAT
AS,FRI,3,9A,ITT
AS,FRI,4,9A,MAT
AS,FRI,6,10A,MAT
AS,FRI,7,9G,MAT
AM,MON,1,8D,MAT
AM,MON,2,9J,MAT
AM,MON,3,9B,MAT
AM,MON,5,10C,MAT
AM,MON,6,10H,MAT
AM,TUE,1,8D,MAT
AM,TUE,3,10H,MAT
AM,TUE,4,SCM,NIL
AM,TUE,5,9J,MAT
AM,TUE,6,9B,MAT
AM,TUE,7,10C,MAT
AM,WED,1,9J,MAT
AM,WED,2,8D,MAT
AM,WED,3,10C,MAT
AM,WED,5,10H,MAT
AM,WED,7,9B,MAT
AM,THU,1,8D,MAT
AM,THU,2,9B,MAT
AM,THU,4,10C,MAT
AM,THU,5,9J,MAT
AM,THU,6,10H,MAT
AM,FRI,1,8D,MAT
AM,FRI,2,9J,MAT
AM,FRI,4,10C,MAT
AM,FRI,5,9B,MAT
AM,FRI,6,10H,MAT
NKC,MON,1,9C,MAT
NKC,MON,3,8K,MAT
NKC,MON,4,10I,MAT
NKC,MON,5,9F,MAT
NKC,MON,7,8F,MAT
NKC,TUE,1,9C,MAT
NKC,TUE,2,9F,MAT
NKC,TUE,3,8K,MAT
NKC,TUE,4,SCM,NIL
NKC,TUE,5,10I,MAT
NKC,TUE,6,8F,MAT
NKC,WED,1,9C,MAT
NKC,WED,2,8F,MAT
NKC,WED,4,9F,MAT
NKC,WED,6,8K,MAT
NKC,WED,7,10I,MAT
NKC,THU,1,9C,MAT
NKC,THU,2,10I,MAT
NKC,THU,4,8K,MAT
NKC,THU,5,8F,MAT
NKC,THU,6,9F,MAT
NKC,FRI,1,9C,MAT
NKC,FRI,3,9F,MAT
NKC,FRI,5,10I,MAT
NKC,FRI,6,8K,MAT
NKC,FRI,7,8F,MAT
MPH,MON,1,9A,ENG
MPH,MON,3,8A,ENG
MPH,MON,4,10D,ENG
MPH,MON,5,8D,ENG
MPH,TUE,1,9A,ENG
MPH,TUE,3,10D,ENG
MPH,TUE,4,8D,ENG
MPH,TUE,5,8B,ITT
MPH,TUE,7,8A,ENG
MPH,WED,1,9A,ENG
MPH,WED,3,8A,ENG
MPH,WED,4,10D,ENG
MPH,WED,5,8D,ENG
MPH,WED,7,8B,LAB2
MPH,THU,1,9A,ENG
MPH,THU,3,8D,ENG
MPH,THU,4,10D,ENG
MPH,THU,6,8A,ENG
MPH,FRI,1,9A,ENG
MPH,FRI,3,8A,ENG
MPH,FRI,4,8B,LAB2
MPH,FRI,5,SCM,NIL
MPH,FRI,6,8D,ENG
MPH,FRI,7,10D,ENG
SMD,MON,3,9E,ENG
SMD,MON,4,10C,ENG
SMD,MON,5,10F,ENG
SMD,MON,7,9F,ENG
SMD,TUE,2,10C,ENG
SMD,TUE,4,9E,ENG
SMD,TUE,5,9F,ENG
SMD,TUE,6,10F,ENG
SMD,WED,1,9F,ENG
SMD,WED,3,10F,ENG
SMD,WED,5,9E,ENG
SMD,WED,6,10C,ENG
SMD,THU,1,9F,ENG
SMD,THU,5,9E,ENG
SMD,THU,6,10C,ENG
SMD,THU,7,10F,ENG
SMD,FRI,2,9F,ENG
SMD,FRI,3,10C,ENG
SMD,FRI,4,9E,ENG
SMD,FRI,5,SCM,NIL
SMD,FRI,6,10F,ENG
JU,MON,1,9G,ENG
JU,MON,2,10E,ENG
JU,MON,4,8C,ENG
JU,MON,5,10E,LAB1
JU,MON,6,8L,ENG
JU,TUE,1,9G,ENG
JU,TUE,3,8C,ENG
JU,TUE,5,10E,ENG
JU,TUE,6,8L,ENG
JU,WED,1,9G,ENG
JU,WED,2,8C,ENG
JU,WED,3,10E,ENG
JU,WED,6,8L,ENG
JU,WED,7,10E,LAB1
JU,THU,1,9G,ENG
JU,THU,3,10E,ITT
JU,THU,4,10E,ENG
JU,THU,6,8L,ENG
JU,THU,7,8C,ENG
JU,FRI,1,9G,ENG
JU,FRI,3,8C,ENG
JU,FRI,4,8L,ENG
JU,FRI,5,SCM,NIL
JU,FRI,6,10E,ENG
NRS,MON,1,8G,ENG
NRS,MON,2,9I,ENG
NRS,MON,3,9C,ENG
NRS,MON,6,9H,ENG
NRS,MON,7,10A,ENG
NRS,TUE,1,8G,ENG
NRS,TUE,2,9C,ENG
NRS,TUE,3,9I,ENG
NRS,TUE,5,9H,ENG
NRS,TUE,6,10A,ENG
NRS,WED,1,8G,ENG
NRS,WED,2,9I,ENG
NRS,WED,4,9H,ENG
NRS,WED,5,9C,ENG
NRS,WED,7,10A,ENG
NRS,THU,1,8G,ENG
NRS,THU,2,10A,ENG
NRS,THU,3,9I,ENG
NRS,THU,5,9H,ENG
NRS,THU,7,9C,ENG
NRS,FRI,1,8G,ENG
NRS,FRI,3,9I,ENG
NRS,FRI,4,9H,ENG
NRS,FRI,5,SCM,NIL
NRS,FRI,6,9C,ENG
NRS,FRI,7,10A,ENG
SP,MON,1,9D,ENG
SP,MON,3,8F,ENG
SP,MON,4,10G,ENG
SP,MON,6,10I,ENG
SP,MON,7,8H,ENG
SP,TUE,1,9D,ENG
SP,TUE,2,8F,ENG
SP,TUE,4,8H,ENG
SP,TUE,5,10G,ENG
SP,TUE,7,10I,ENG
SP,WED,1,9D,ENG
SP,WED,2,8H,ENG
SP,WED,4,8F,ENG
SP,WED,5,10I,ENG
SP,WED,6,10G,ENG
SP,THU,1,9D,ENG
SP,THU,2,8H,ENG
SP,THU,3,8F,ENG
SP,THU,5,10G,ENG
SP,THU,6,10I,ENG
SP,FRI,1,9D,ENG
SP,FRI,3,10I,ENG
SP,FRI,4,8H,ENG
SP,FRI,5,SCM,NIL
SP,FRI,6,8F,ENG
SP,FRI,7,10G,ENG
SJ,MON,1,8K,ENG
SJ,MON,2,8K,LAB2
SJ,MON,4,8B,ENG
SJ,MON,5,10B,ENG
SJ,MON,7,9B,ENG
SJ,TUE,1,8K,ENG
SJ,TUE,2,10B,ENG
SJ,TUE,4,8B,ENG
SJ,TUE,5,9B,ENG
SJ,TUE,7,10D,LAB1
SJ,WED,1,8K,ENG
SJ,WED,3,10D,LAB1
SJ,WED,4,9B,ENG
SJ,WED,5,8B,ENG
SJ,WED,7,10B,ENG
SJ,THU,1,8K,ENG
SJ,THU,3,8K,LAB2
SJ,THU,4,8B,ENG
SJ,THU,6,10B,ENG
SJ,THU,7,9B,ENG
SJ,FRI,1,8K,ENG
SJ,FRI,3,9B,ENG
SJ,FRI,4,10B,ENG
SJ,FRI,5,SCM,NIL
SJ,FRI,6,8B,ENG
NAJ,MON,2,8J,ENG
NAJ,MON,3,9J,ENG
NAJ,MON,5,8I,ENG
NAJ,MON,6,8E,ENG
NAJ,MON,7,10H,ENG
NAJ,TUE,1,8I,ENG
NAJ,TUE,3,8J,ENG
NAJ,TUE,4,8E,ENG
NAJ,TUE,5,10H,ENG
NAJ,TUE,7,9J,ENG
NAJ,WED,2,8E,ENG
NAJ,WED,3,10H,ENG
NAJ,WED,4,8J,ENG
NAJ,WED,6,9J,ENG
NAJ,WED,7,8I,ENG
NAJ,THU,1,8J,ENG
NAJ,THU,2,8E,ENG
NAJ,THU,4,8I,ENG
NAJ,THU,5,10H,ENG
NAJ,THU,6,9J,ENG
NAJ,FRI,2,8J,ENG
NAJ,FRI,3,8E,ENG
NAJ,FRI,4,10H,ENG
NAJ,FRI,5,SCM,NIL
NAJ,FRI,6,9J,ENG
NAJ,FRI,7,8I,ENG
SK,MON,1,8A,PHY
SK,MON,2,9C,CHE
SK,MON,4,8E,PHY
SK,MON,5,10I,CHE
SK,MON,7,10C,CHE
SK,TUE,1,8A,PHY
SK,TUE,2,8L,PHY
SK,TUE,4,10I,PHY
SK,TUE,5,8E,CHE
SK,TUE,7,9C,CHE
SK,WED,2,9J,PHY
SK,WED,3,9J,CHE
SK,WED,5,8L,PHY
SK,THU,1,8A,CHE
SK,THU,3,9J,CHE
SK,THU,4,8E,CHE
SK,THU,5,10I,PHY
SK,THU,6,SCM,NIL
SK,THU,7,10I,CHE
SK,FRI,1,8A,CHE
SK,FRI,3,9C,ITT
SK,FRI,4,8E,PHY
SK,FRI,5,10C,CHE
SK,FRI,7,9J,PHY
DMR,MON,1,10E,PHY
DMR,MON,2,9A,CHE
DMR,MON,5,8K,CHE
DMR,MON,6,8F,PHY
DMR,TUE,1,10E,PHY
DMR,TUE,3,9F,PHY
DMR,TUE,4,8K,CHE
DMR,TUE,5,8H,LAB2
DMR,TUE,7,9F,CHE
DMR,WED,1,10E,CHE
DMR,WED,3,10B,CHE
DMR,WED,4,8H,LAB2
DMR,WED,5,8F,CHE
DMR,WED,7,8D,PHY
DMR,THU,1,10E,CHE
DMR,THU,3,9F,PHY
DMR,THU,4,8H,ITT
DMR,THU,5,9A,CHE
DMR,THU,6,SCM,NIL
DMR,FRI,1,8F,PHY
DMR,FRI,2,10B,CHE
DMR,FRI,4,8F,CHE
DMR,FRI,5,9F,CHE
DMR,FRI,7,8D,PHY
RPK,MON,1,8C,PHY
RPK,MON,2,8L,CHE
RPK,MON,4,8F,ITT
RPK,MON,5,10D,PHY
RPK,TUE,1,8C,PHY
RPK,TUE,2,9I,CHE
RPK,TUE,4,10D,CHE
RPK,TUE,5,10A,CHE
RPK,TUE,6,8J,PHY
RPK,WED,2,9C,PHY
RPK,WED,3,9I,CHE
RPK,WED,6,9I,PHY
RPK,WED,7,10D,PHY
RPK,THU,1,8C,CHE
RPK,THU,3,8J,CHE
RPK,THU,4,9I,PHY
RPK,THU,5,10A,CHE
RPK,THU,6,SCM,NIL
RPK,THU,7,10D,CHE
RPK,FRI,1,8C,CHE
RPK,FRI,2,8L,CHE
RPK,FRI,4,9C,PHY
RPK,FRI,5,8J,CHE
RPK,FRI,6,8J,PHY
IRF,MON,2,10H,PHY
IRF,MON,3,9H,CHE
IRF,MON,4,10A,LAB1
IRF,MON,6,10A,PHY
IRF,MON,7,8I,LAB2
IRF,TUE,2,8H,CHE
IRF,TUE,3,10A,LAB1
IRF,TUE,4,9H,CHE
IRF,TUE,6,10H,CHE
IRF,TUE,7,8B,PHY
IRF,WED,1,8H,PHY
IRF,WED,2,10H,PHY
IRF,WED,4,8G,CHE
IRF,WED,5,8H,CHE
IRF,WED,6,9B,CHE
IRF,THU,1,9H,PHY
IRF,THU,2,8G,CHE
IRF,THU,4,10A,ITT
IRF,THU,5,8I,LAB2
IRF,THU,6,SCM,NIL
IRF,THU,7,10A,PHY
IRF,FRI,1,8H,PHY
IRF,FRI,3,8B,PHY
IRF,FRI,5,10H,CHE
IRF,FRI,6,9B,CHE
IRF,FRI,7,9H,PHY
VIS,MON,2,9G,PHY
VIS,MON,3,8J,LAB2
VIS,MON,4,8D,CHE
VIS,MON,6,10B,PHY
VIS,MON,7,10F,CHE
VIS,TUE,2,8I,PHY
VIS,TUE,3,9G,CHE
VIS,TUE,5,10F,PHY
VIS,TUE,6,9A,PHY
VIS,TUE,7,8K,PHY
VIS,WED,1,8J,LAB2
VIS,WED,3,9A,PHY
VIS,WED,5,9G,PHY
VIS,WED,6,10F,CHE
VIS,WED,7,9G,CHE
VIS,THU,1,10F,LAB1
VIS,THU,3,10F,ITT
VIS,THU,4,9D,CHE
VIS,THU,5,8K,PHY
VIS,THU,6,SCM,NIL
VIS,THU,7,10B,PHY
VIS,FRI,1,10F,LAB1
VIS,FRI,3,8D,CHE
VIS,FRI,4,8I,PHY
VIS,FRI,5,9D,CHE
VIS,FRI,7,10F,PHY
VRI,MON,2,9E,CHE
VRI,MON,3,9D,LAB1
VRI,MON,5,9D,PHY
VRI,MON,6,10G,PHY
VRI,MON,7,10G,CHE
VRI,TUE,2,8A,LAB2
VRI,TUE,3,8B,CHE
VRI,TUE,5,8G,PHY
VRI,TUE,6,9E,CHE
VRI,TUE,7,9E,PHY
VRI,WED,2,8I,CHE
VRI,WED,3,9B,PHY
VRI,WED,4,9D,ITT
VRI,WED,6,9E,PHY
VRI,WED,7,10G,CHE
VRI,THU,1,8I,CHE
VRI,THU,2,10C,PHY
VRI,THU,4,10G,PHY
VRI,THU,5,8B,CHE
VRI,THU,6,SCM,NIL
VRI,THU,7,9D,PHY
VRI,FRI,2,9B,PHY
VRI,FRI,3,8G,PHY
VRI,FRI,4,9D,LAB1
VRI,FRI,6,10C,PHY
VRI,FRI,7,8A,LAB2
RB,MON,1,8I,HIN
RB,MON,2,10D,HIN
RB,MON,3,9A,HIN
RB,MON,5,9C,HIN
RB,MON,6,8G,HIN
RB,MON,7,8L,HIN
RB,TUE,2,10I,HIN
RB,TUE,3,8F,HIN
RB,TUE,4,9A,HIN
RB,TUE,6,9D,HIN
RB,TUE,7,8L,HIN
RB,WED,1,8I,HIN
RB,WED,2,9A,HIN
RB,WED,3,8F,HIN
RB,WED,5,9D,HIN
RB,WED,6,9C,HIN
RB,WED,7,SCM,NIL
RB,THU,1,10D,HIN
RB,THU,2,9C,HIN
RB,THU,4,10I,HIN
RB,THU,5,8L,HIN
RB,THU,7,8G,HIN
RB,FRI,1,8I,HIN
RB,FRI,2,10D,HIN
RB,FRI,3,9D,HIN
RB,FRI,5,8F,HIN
RB,FRI,6,10I,HIN
RB,FRI,7,8G,HIN
SHR,MON,1,9H,HIN
SHR,MON,2,8B,HIN
SHR,MON,3,9I,HIN
SHR,MON,5,8A,HIN
SHR,MON,6,8K,HIN
SHR,MON,7,8E,HIN
SHR,TUE,1,10C,HIN
SHR,TUE,2,8E,HIN
SHR,TUE,4,10A,HIN
SHR,TUE,6,8K,HIN
SHR,TUE,7,8C,HIN
SHR,WED,1,9H,HIN
SHR,WED,2,10C,HIN
SHR,WED,4,8A,HIN
SHR,WED,5,9I,HIN
SHR,WED,6,10A,HIN
SHR,WED,7,SCM,NIL
SHR,THU,2,8A,HIN
SHR,THU,3,8B,HIN
SHR,THU,5,8C,HIN
SHR,THU,6,8K,HIN
SHR,THU,7,10C,HIN
SHR,FRI,1,9H,HIN
SHR,FRI,2,8B,HIN
SHR,FRI,3,10A,HIN
SHR,FRI,5,8E,HIN
SHR,FRI,6,8C,HIN
SHR,FRI,7,9I,HIN
SS,MON,2,8D,HIN
SS,MON,3,10F,HIN
SS,MON,4,9J,HIN
SS,MON,6,9E,HIN
SS,MON,7,10B,HIN
SS,TUE,1,10H,HIN
SS,TUE,2,8D,HIN
SS,TUE,5,9E,HIN
SS,TUE,6,8H,HIN
SS,TUE,7,10B,HIN
SS,WED,1,10H,HIN
SS,WED,2,8J,HIN
SS,WED,4,10F,HIN
SS,WED,6,10B,HIN
SS,WED,7,SCM,NIL
SS,THU,1,10H,HIN
SS,THU,2,10F,HIN
SS,THU,4,9J,HIN
SS,THU,5,8J,HIN
SS,THU,6,8H,HIN
SS,FRI,1,8J,HIN
SS,FRI,3,9J,HIN
SS,FRI,4,8D,HIN
SS,FRI,6,9E,HIN
SS,FRI,7,8H,HIN
KMK,MON,1,9F,HIN
KMK,MON,5,10G,HIN
KMK,MON,6,10E,HIN
KMK,MON,7,9G,HIN
KMK,TUE,2,9B,HIN
KMK,TUE,4,10E,HIN
KMK,TUE,6,10G,HIN
KMK,WED,5,9B,HIN
KMK,WED,6,9G,HIN
KMK,WED,7,SCM,NIL
KMK,THU,3,9B,HIN
KMK,THU,4,9F,HIN
KMK,FRI,1,10E,HIN
KMK,FRI,5,9G,HIN
KMK,FRI,6,10G,HIN
KMK,FRI,7,9F,HIN
RM,MON,2,10I,LAB1
RM,MON,6,8A,BIO
RM,TUE,2,9D,BIO
RM,TUE,3,10B,BIO
RM,TUE,4,10C,ITT
RM,TUE,6,10C,LAB1
RM,TUE,7,10A,BIO
RM,WED,2,10A,BIO
RM,WED,3,9E,BIO
RM,WED,5,10C,LAB1
RM,WED,6,10I,LAB1
RM,THU,3,9E,BIO
RM,THU,5,10B,BIO
RM,THU,7,8A,BIO
RM,FRI,1,SCM,NIL
RM,FRI,2,9D,BIO
RM,FRI,4,10I,ITT
RM,FRI,5,10A,BIO
RM,FRI,6,10B,BIO
LM,MON,1,8J,BIO
LM,MON,2,10F,BIO
LM,MON,3,10E,BIO
LM,MON,5,8F,BIO
LM,MON,6,10D,BIO
LM,TUE,1,8J,BIO
LM,TUE,4,10F,BIO
LM,TUE,6,9I,ITT
LM,TUE,7,9I,LAB2
LM,WED,1,8L,BIO
LM,WED,2,10D,BIO
LM,WED,4,8L,ITT
LM,WED,7,10F,BIO
LM,THU,1,8L,BIO
LM,THU,2,10E,BIO
LM,THU,5,8E,BIO
LM,THU,6,8F,BIO
LM,THU,7,9I,BIO
LM,FRI,1,SCM,NIL
LM,FRI,2,9I,LAB2
LM,FRI,3,10E,BIO
LM,FRI,5,9I,BIO
LM,FRI,6,10D,BIO
LM,FRI,7,8E,BIO
VPP,MON,1,8H,BIO
VPP,MON,2,8I,BIO
VPP,MON,5,10H,BIO
VPP,MON,6,9A,BIO
VPP,MON,7,8G,BIO
VPP,TUE,1,8H,BIO
VPP,TUE,2,9G,LAB1
VPP,TUE,4,10G,BIO
VPP,TUE,5,9G,BIO
VPP,TUE,6,9H,BIO
VPP,WED,2,8K,BIO
VPP,WED,3,10G,BIO
VPP,WED,4,9A,BIO
VPP,WED,7,10H,BIO
VPP,THU,2,9G,LAB1
VPP,THU,3,8I,BIO
VPP,THU,4,8G,BIO
VPP,THU,6,9G,ITT
VPP,THU,7,10H,BIO
VPP,FRI,1,SCM,NIL
VPP,FRI,2,10G,BIO
VPP,FRI,3,9G,BIO
VPP,FRI,4,8K,BIO
VPP,FRI,6,9H,BIO
JA,MON,1,10C,BIO
JA,MON,2,9B,BIO
JA,MON,3,8B,BIO
JA,MON,6,9J,BIO
JA,MON,7,10I,BIO
JA,TUE,1,9F,LAB1
JA,TUE,3,10I,BIO
JA,TUE,4,9B,BIO
JA,TUE,7,8D,BIO
JA,WED,1,10C,BIO
JA,WED,2,10I,BIO
JA,WED,3,9F,BIO
JA,WED,5,8C,BIO
JA,WED,7,9C,BIO
JA,THU,1,10C,BIO
JA,THU,2,8D,BIO
JA,THU,3,9C,BIO
JA,THU,6,8B,BIO
JA,THU,7,9F,BIO
JA,FRI,1,SCM,NIL
JA,FRI,2,8C,BIO
JA,FRI,4,9F,ITT
JA,FRI,5,9J,BIO
JA,FRI,6,9F,LAB1
RR,MON,1,10D,MAL2
RR,MON,2,9H,MAL2
RR,MON,4,9A,NIL
RR,MON,5,10A,MAL2
RR,MON,6,8B,MAL2
RR,TUE,1,10D,MAL2
RR,TUE,2,10D,NIL
RR,TUE,3,9A,NIL
RR,TUE,5,8A,MAL2
RR,TUE,6,8E,MAL2
RR,WED,2,8B,MAL2
RR,WED,3,10A,MAL2
RR,WED,5,10D,NIL
RR,WED,6,8A,MAL2
RR,WED,7,8E,MAL2
RR,THU,1,8H,MAL2
RR,THU,3,9A,MAL2
RR,THU,4,9A,NIL
RR,THU,6,10D,NIL
RR,THU,7,9H,MAL2
RR,FRI,2,9A,MAL2
RR,FRI,4,10D,NIL
RR,FRI,5,8H,MAL2
RR,FRI,6,SCM,NIL
RR,FRI,7,9A,NIL
PB,MON,1,10F,MAL2
PB,MON,2,9F,MAL2
PB,MON,3,10B,NIL
PB,MON,5,9B,MAL2
PB,MON,7,8A,NIL
PB,TUE,1,10F,MAL2
PB,TUE,2,8J,MAL2
PB,TUE,4,10B,MAL2
PB,TUE,5,8L,NIL
PB,TUE,6,8A,NIL
PB,WED,1,8A,NIL
PB,WED,3,8L,NIL
PB,WED,4,10B,NIL
PB,WED,5,8J,MAL2
PB,WED,7,9F,MAL2
PB,THU,2,9E,MAL2
PB,THU,3,10B,NIL
PB,THU,4,10B,MAL2
PB,THU,6,9B,MAL2
PB,THU,7,8L,NIL
PB,FRI,1,10B,NIL
PB,FRI,2,9E,MAL2
PB,FRI,3,8L,NIL
PB,FRI,5,8A,NIL
PB,FRI,6,SCM,NIL
SMP,MON,1,8L,MAL2
SMP,MON,2,8G,NIL
SMP,MON,4,9G,MAL2
SMP,MON,5,8C,MAL2
SMP,MON,6,9C,MAL2
SMP,TUE,1,8L,MAL2
SMP,TUE,2,10D2,NIL
SMP,TUE,3,9D,MAL2
SMP,TUE,5,8C,MAL2
SMP,TUE,7,8G,NIL
SMP,WED,2,10E,MAL2
SMP,WED,3,8D,MAL2
SMP,WED,5,10D2,NIL
SMP,WED,6,8G,NIL
SMP,WED,7,9D,MAL2
SMP,THU,2,10G,MAL2
SMP,THU,3,9G,MAL2
SMP,THU,5,9C,MAL2
SMP,THU,6,10D2,NIL
SMP,THU,7,8D,MAL2
SMP,FRI,2,8G,NIL
SMP,FRI,3,10G,MAL2
SMP,FRI,4,10D2,NIL
SMP,FRI,6,SCM,NIL
SMP,FRI,7,10E,MAL2
PRA,MON,1,10H,MAL2
PRA,MON,2,10C,MAL2
PRA,MON,3,8G,MAL2
PRA,MON,5,9I,NIL
PRA,MON,6,9D,NIL
PRA,MON,7,9J,MAL2
PRA,TUE,1,9I,NIL
PRA,TUE,3,10C,MAL2
PRA,TUE,4,9D,NIL
PRA,TUE,5,8F,MAL2
PRA,TUE,7,8I,MAL2
PRA,WED,2,9D,NIL
PRA,WED,3,10I,MAL2
PRA,WED,5,8K,MAL2
PRA,WED,6,8I,MAL2
PRA,WED,7,9I,NIL
PRA,THU,2,9I,NIL
PRA,THU,3,8G,MAL2
PRA,THU,5,9D,NIL
PRA,THU,6,9I,MAL2
PRA,THU,7,8F,MAL2
PRA,FRI,1,9J,MAL2
PRA,FRI,2,10H,MAL2
PRA,FRI,4,9I,MAL2
PRA,FRI,5,8K,MAL2
PRA,FRI,6,SCM,NIL
PRA,FRI,7,10I,MAL2
PPA,MON,2,8H,NIL
PPA,MON,3,10A,NIL
PPA,MON,5,9H,NIL
PPA,MON,6,9G,NIL
PPA,MON,7,9E,LAB1
PPA,TUE,1,9H,NIL
PPA,TUE,4,9G,NIL
PPA,TUE,5,8K,NIL
PPA,TUE,7,8H,NIL
PPA,WED,2,9G,NIL
PPA,WED,3,8K,NIL
PPA,WED,4,10A,NIL
PPA,WED,6,8H,NIL
PPA,WED,7,9H,NIL
PPA,THU,2,9H,NIL
PPA,THU,3,10A,NIL
PPA,THU,5,9G,NIL
PPA,THU,6,9E,ITT
PPA,THU,7,8K,NIL
PPA,FRI,1,10A,NIL
PPA,FRI,2,8H,NIL
PPA,FRI,3,8K,NIL
PPA,FRI,5,9E,LAB1
PPA,FRI,6,SCM,NIL
FAV,MON,2,8E,NIL
FAV,MON,3,8C,ITT
FAV,MON,4,9C,NIL
FAV,MON,6,9F,NIL
FAV,MON,7,8D,NIL
FAV,TUE,2,10E,NIL
FAV,TUE,3,9C,NIL
FAV,TUE,4,9F,NIL
FAV,TUE,6,8D,NIL
FAV,TUE,7,8E,NIL
FAV,WED,1,8D,NIL
FAV,WED,2,9F,NIL
FAV,WED,3,8C,LAB2
FAV,WED,5,10E,NIL
FAV,WED,6,8E,NIL
FAV,THU,2,8C,LAB2
FAV,THU,4,9C,NIL
FAV,THU,5,9F,NIL
FAV,THU,6,10E,NIL
FAV,FRI,2,8E,NIL
FAV,FRI,4,10E,NIL
FAV,FRI,5,8D,NIL
FAV,FRI,6,SCM,NIL
FAV,FRI,7,9C,NIL
SUN,MON,2,8F,NIL
SUN,MON,3,10C,NIL
SUN,MON,4,9E,NIL
SUN,MON,7,8D2,NIL
SUN,TUE,2,10G,NIL
SUN,TUE,3,9E,NIL
SUN,TUE,4,8G,ITT
SUN,TUE,6,8D2,NIL
SUN,TUE,7,8F,NIL
SUN,WED,1,8D2,NIL
SUN,WED,4,10C,NIL
SUN,WED,5,10G,NIL
SUN,WED,6,8F,NIL
SUN,THU,3,10C,NIL
SUN,THU,4,9E,NIL
SUN,THU,6,10G,NIL
SUN,FRI,1,10C,NIL
SUN,FRI,2,8F,NIL
SUN,FRI,4,10G,NIL
SUN,FRI,5,8D2,NIL
SUN,FRI,6,SCM,NIL
SUN,FRI,7,9E,NIL
PCC,MON,3,10I,NIL
PCC,MON,4,9E,NIL
PCC,MON,5,9J,NIL
PCC,MON,7,8B,NIL
PCC,TUE,1,9J,NIL
PCC,TUE,2,9H,ITT
PCC,TUE,3,9E,NIL
PCC,TUE,5,8I,NIL
PCC,TUE,6,8B,NIL
PCC,WED,1,8B,NIL
PCC,WED,3,8I,NIL
PCC,WED,4,10I,NIL
PCC,WED,6,9H,LAB2
PCC,WED,7,9J,NIL
PCC,THU,2,9J,NIL
PCC,THU,3,10I,NIL
PCC,THU,4,9E,NIL
PCC,THU,6,9H,LAB2
PCC,THU,7,8I,NIL
PCC,FRI,1,10I,NIL
PCC,FRI,3,8I,NIL
PCC,FRI,5,8B,NIL
PCC,FRI,6,SCM,NIL
PCC,FRI,7,9E,NIL
FK,MON,3,10H,NIL
FK,MON,4,9B,NIL
FK,MON,5,9J2,NIL
FK,MON,7,8C,NIL
FK,TUE,1,9J2,NIL
FK,TUE,2,10F,NIL
FK,TUE,3,9B,NIL
FK,TUE,5,8J,NIL
FK,TUE,6,8C,NIL
FK,WED,1,8C,NIL
FK,WED,3,8J,NIL
FK,WED,4,10H,NIL
FK,WED,5,10F,NIL
FK,WED,7,9J2,NIL
FK,THU,2,9J2,NIL
FK,THU,3,10H,NIL
FK,THU,4,9B,NIL
FK,THU,6,10F,NIL
FK,THU,7,8J,NIL
FK,FRI,1,10H,NIL
FK,FRI,3,8J,NIL
FK,FRI,4,10F,NIL
FK,FRI,5,8C,NIL
FK,FRI,6,SCM,NIL
FK,FRI,7,9B,NIL
PVP,MON,2,8A,MUS
PVP,MON,3,9F,NIL
PVP,MON,4,8J,MUS
PVP,MON,6,9I,NIL
PVP,TUE,3,9J,NIL
PVP,TUE,4,8C,MUS
PVP,TUE,6,9C,NIL
PVP,TUE,7,9B,NIL
PVP,WED,2,9E,NIL
PVP,WED,3,8G,MUS
PVP,WED,4,8B,MUS
PVP,WED,6,8D,MUS
PVP,THU,2,8F,MUS
PVP,THU,3,8E,MUS
PVP,THU,4,8L,MUS
PVP,THU,6,9D,NIL
PVP,THU,7,8H,MUS
PVP,FRI,2,8I,MUS
PVP,FRI,3,9H,NIL
PVP,FRI,5,9A,NIL
PVP,FRI,6,9G,NIL
PVP,FRI,7,8K,MUS
LS,MON,3,9F,NIL
LS,MON,4,8H,WIE
LS,MON,6,9I,NIL
LS,MON,7,8K,WIE
LS,TUE,2,8G,WIE
LS,TUE,3,9J,NIL
LS,TUE,4,8I,WIE
LS,TUE,6,9C,NIL
LS,TUE,7,9B,NIL
LS,WED,2,9E,NIL
LS,WED,4,8E,WIE
LS,WED,6,8C,WIE
LS,WED,7,8L,WIE
LS,THU,2,8J,WIE
LS,THU,3,8A,WIE
LS,THU,4,8F,WIE
LS,THU,6,9D,NIL
LS,THU,7,8B,WIE
LS,FRI,2,8D,WIE
LS,FRI,3,9H,NIL
LS,FRI,5,9A,NIL
LS,FRI,6,9G,NIL
